Text,Date,Time,Draft,Facebook,Twitter,LinkedIn,GBP,Instagram,Pinterest,TikTok,YouTube,Threads,Bluesky,Instagram Post Type,Picture Url 1,Alt text picture 1
"Most gallery walls say nothing back. This one answers in scripture.

The Vintage Scripture Paintings collection pairs Hudson River-style landscapes — church spires at dusk, quiet rivers, sunlit fields — with a single King James verse set in classic serif type. No modern clip art, no neon script, just the kind of study-wall text a 19th-century parlor might have held.

A Frame TV left on its defaults doesn't just waste the hardware — in a home that values faith, it's often the one wall never claimed by anything meaningful. Scripture art fixes that without a single nail hole.

Pick one verse that fits where your TV actually sits — Proverbs for an entryway, Psalms for a reading nook — and let Art Mode hold it there instead of a stock landscape.

Explore the Vintage Scripture collection: https://www.etsy.com/listing/4540412420

#EverframeDigital #FrameTV #SamsungFrameTV #FrameTVArt #ArtMode #TVArt #ChristianHomeDecor #ScriptureArt #KJVArt #FaithAtHome #BibleVerseArt #InstantDownload #HomeDecor",2026-09-21,11:30:00,FALSE,FALSE,FALSE,FALSE,FALSE,TRUE,FALSE,FALSE,FALSE,FALSE,FALSE,POST,https://everframedigital.felipeuliani.com/social/2026-09-21/day1-post1.jpg,Digital wall art for Frame TV by EverFrame Digital
"Boho doesn't have to mean beige. This set proves warmth and edge can share a wall.

Ten emerald-and-gold portraits — profile silhouettes, olive branches, a marble bust reimagined in jewel tone — built for a room that wants personality, not just neutrals. It's a smaller set than most of the shop's bundles, and that's the point: every piece was chosen, not padded.

Most Frame TV collections chase “matches everything.” This one is deliberately opinionated — built for the room that already has a point of view, and wants its TV to share it instead of fading into the wall.

Rotate through all ten pieces over a season and notice how one strong palette can still feel different every time you glance at it.

See the Emerald Muse portraits: https://www.etsy.com/listing/4540192271

#EverframeDigital #FrameTV #SamsungFrameTV #FrameTVArt #ArtMode #TVArt #BohoGlam #EmeraldDecor #ModernPortraitArt #StatementWallArt #InstantDownload #HomeDecor #InteriorDesign",2026-09-21,19:00:00,FALSE,FALSE,FALSE,FALSE,FALSE,TRUE,FALSE,FALSE,FALSE,FALSE,FALSE,POST,https://everframedigital.felipeuliani.com/social/2026-09-21/day1-post2.jpg,Digital wall art for Frame TV by EverFrame Digital
"Some rooms don't need more color. They need more quiet.

Quiet Meadow is built entirely in soft beige and muted sage — wildflowers, ferns, orchard paths, misty fields — the kind of palette that recedes instead of demanding attention, in a shop full of louder options.

A busy Frame TV default — bright stock art, saturated abstracts — can work against a calm room, adding noise where the space is trying to slow down. Neutral botanical art solves a problem most owners don't realize their TV is causing.

If your living room already leans quiet — linen, wood, soft light — swap in one meadow piece and notice how much less the TV competes with the rest of the room.

Browse Quiet Meadow Botanicals: https://www.etsy.com/listing/4540191929

#EverframeDigital #FrameTV #SamsungFrameTV #FrameTVArt #ArtMode #TVArt #NeutralDecor #BotanicalArt #CalmHome #SoftMinimalism #InstantDownload #HomeDecor #InteriorDesign",2026-09-22,11:30:00,FALSE,FALSE,FALSE,FALSE,FALSE,TRUE,FALSE,FALSE,FALSE,FALSE,FALSE,POST,https://everframedigital.felipeuliani.com/social/2026-09-21/day2-post1.jpg,Digital wall art for Frame TV by EverFrame Digital
"You don't need a beach house for your TV to look like one.

This 101-image set leans into the quieter side of coastal — misty dunes, lighthouses, tide pools, a rowboat resting on wet sand — rather than the postcard-bright version most coastal decor defaults to. Closer to New England fog than Florida sunshine.

The gap between “coastal-inspired room” and “coastal-looking TV” is usually just the art. Most Frame TV owners never think to match the screen to the theme the rest of the room already built.

Load a handful of the muted-tone pieces and let the TV finish a look the pillows and driftwood already started.

Shop the Coastal Landscapes collection: https://www.etsy.com/listing/4539729457

#EverframeDigital #FrameTV #SamsungFrameTV #FrameTVArt #ArtMode #TVArt #CoastalDecor #CoastalGrandmother #BeachHouseStyle #MutedTones #InstantDownload #HomeDecor #InteriorDesign",2026-09-22,19:00:00,FALSE,FALSE,FALSE,FALSE,FALSE,TRUE,FALSE,FALSE,FALSE,FALSE,FALSE,POST,https://everframedigital.felipeuliani.com/social/2026-09-21/day2-post2.jpg,Digital wall art for Frame TV by EverFrame Digital
"Before botanical illustration was a decor trend, it was science — and the sepia-and-sage version still looks like it belongs in a study, not a catalog.

This set draws on antique field-guide illustration: pressed ferns, single stems, hand-labeled specimens on aged paper. Less “flower print,” more naturalist's notebook — which gives it a permanence trendier florals don't have.

Botanical art dates fast when it's too on-trend — dried pampas grass, moody wildflowers, all peaking and fading with the algorithm. A vintage specimen illustration doesn't chase a season, so it doesn't age out of one either.

Choose two or three specimen-style pieces to rotate as a quiet “study wall,” no matter what room the TV actually sits in.

Explore the Vintage Botanical set: https://www.etsy.com/listing/4539730337

#EverframeDigital #FrameTV #SamsungFrameTV #FrameTVArt #ArtMode #TVArt #VintageBotanical #NaturalistArt #SageDecor #TimelessDecor #InstantDownload #HomeDecor #InteriorDesign",2026-09-23,11:30:00,FALSE,FALSE,FALSE,FALSE,FALSE,TRUE,FALSE,FALSE,FALSE,FALSE,FALSE,POST,https://everframedigital.felipeuliani.com/social/2026-09-21/day3-post1.jpg,Digital wall art for Frame TV by EverFrame Digital
"Cottagecore gets called a trend. Ivory florals on a bare wall have been fashionable since long before the word existed.

This 101-piece set is all white and cream blooms — hydrangeas, wildflowers, single stems in glass — the soft, gathered-from-the-garden look that anchors a cottagecore room without leaning precious or twee.

The hardest part of cottagecore decor is that most of it is texture — linen, wicker, worn wood — and texture doesn't photograph well from across a room. Botanical art gives the eye something to land on that still fits the mood.

Pair one wildflower piece with your existing textiles and let it be the single focal element in an otherwise quiet, textural room.

Shop Neutral Botanical Cottagecore: https://www.etsy.com/listing/4539629903

#EverframeDigital #FrameTV #SamsungFrameTV #FrameTVArt #ArtMode #TVArt #Cottagecore #NeutralBotanical #IvoryFlorals #CottageDecor #InstantDownload #HomeDecor #InteriorDesign",2026-09-23,19:00:00,FALSE,FALSE,FALSE,FALSE,FALSE,TRUE,FALSE,FALSE,FALSE,FALSE,FALSE,POST,https://everframedigital.felipeuliani.com/social/2026-09-21/day3-post2.jpg,Digital wall art for Frame TV by EverFrame Digital
"A pumpkin. A feather. A single stone in still water. This set finds the season in the smallest things.

Set of 100 Seasonal Nature skips sweeping landscapes for close, quiet studies — a nest, a moth on a leaf, snow-dusted pine, a lavender stem — muted enough to sit in any room, specific enough to always feel like the right month.

Most “seasonal” art collections are landscape sets with a filter. This one is built from small, observed details, so it reads as thoughtful rather than decorative — closer to a nature journal than a stock photo library.

Swap in a single new image each week and let your TV track the season the way the actual outdoors does, one small change at a time.

See the full Seasonal Nature set: https://www.etsy.com/listing/4539730211

#EverframeDigital #FrameTV #SamsungFrameTV #FrameTVArt #ArtMode #TVArt #SeasonalDecor #NatureArt #MutedNeutral #NatureJournal #InstantDownload #HomeDecor #FallDecor",2026-09-24,11:30:00,FALSE,FALSE,FALSE,FALSE,FALSE,TRUE,FALSE,FALSE,FALSE,FALSE,FALSE,POST,https://everframedigital.felipeuliani.com/social/2026-09-21/day4-post1.jpg,Digital wall art for Frame TV by EverFrame Digital
"You've retired the beach towels. Your TV hasn't gotten the memo yet.

The All Seasons Collection covers Valentine's through Christmas in one download — which means the same set that ran patriotic hydrangeas and lemon still-lifes all summer already has fall and Halloween images loaded and waiting.

Most people re-shop for art every time the season turns, buying a new “fall bundle” or “Halloween set” each year. One all-seasons download removes that repeat purchase entirely — you already own October, you just haven't switched to it yet.

This week, swap out whatever summer image has been running since June and let the collection's fall folder take over.

Get the All Seasons Collection: https://www.etsy.com/listing/4539780495

#EverframeDigital #FrameTV #SamsungFrameTV #FrameTVArt #ArtMode #TVArt #SeasonalDecor #FallDecor #HalloweenDecor #AllSeasonsArt #InstantDownload #HomeDecor",2026-09-24,19:00:00,FALSE,FALSE,FALSE,FALSE,FALSE,TRUE,FALSE,FALSE,FALSE,FALSE,FALSE,POST,https://everframedigital.felipeuliani.com/social/2026-09-21/day4-post2.jpg,Digital wall art for Frame TV by EverFrame Digital
"A house full of people rushing out the door rarely stops to read anything on the wall. Art Mode gets a second look.

Unlike a framed print that fades into the background after week one, Art Mode art rotates — which means a scripture piece isn't just decor, it's something that changes and gets noticed again. This collection's verse-and-landscape pairing was built for exactly that kind of repeat glance.

A lot of Christian home decor leans decorative-only — wreaths, signs, pillows — without much room for actual text. This is one of the few formats where a full verse, not just a single word like “Blessed,” fits naturally into the room.

Choose a verse that matches what your household needs this season and let it be the first thing you see on your way out the door.

Bring scripture into your living room: https://www.etsy.com/listing/4540412420

#EverframeDigital #FrameTV #SamsungFrameTV #FrameTVArt #ArtMode #TVArt #ChristianHomeDecor #ScriptureArt #KJVArt #FaithAtHome #BibleVerseArt #InstantDownload #HomeDecor",2026-09-25,11:30:00,FALSE,FALSE,FALSE,FALSE,FALSE,TRUE,FALSE,FALSE,FALSE,FALSE,FALSE,POST,https://everframedigital.felipeuliani.com/social/2026-09-21/day5-post1.jpg,Digital wall art for Frame TV by EverFrame Digital
"Most abstract art collections are safe on purpose. This one isn't trying to be.

Ten pieces, one confident palette — emerald, gold, warm clay — built around the female form in profile and silhouette. Closer to a small gallery show than a decor set, which is unusual for Frame TV art built to please everyone.

A TV that only ever shows “safe” neutral abstracts can start to disappear into the wall completely. A set with real color and a point of view does the opposite — it gives visitors something to actually notice and ask about.

Use one Emerald Muse piece as your default and switch to it whenever the room could use a little more presence.

Shop the Emerald Muse portraits: https://www.etsy.com/listing/4540192271

#EverframeDigital #FrameTV #SamsungFrameTV #FrameTVArt #ArtMode #TVArt #BohoGlam #EmeraldDecor #StatementWallArt #ModernPortraitArt #InstantDownload #HomeDecor #InteriorDesign",2026-09-25,19:00:00,FALSE,FALSE,FALSE,FALSE,FALSE,TRUE,FALSE,FALSE,FALSE,FALSE,FALSE,POST,https://everframedigital.felipeuliani.com/social/2026-09-21/day5-post2.jpg,Digital wall art for Frame TV by EverFrame Digital
"The calmest room in the house usually has the loudest TV in it — until someone changes the art.

This second look at Quiet Meadow leans even further into stillness: fog over a field, a single branch, sea grass caught mid-sway. Nothing in this set is trying to impress you, which is exactly why it works as a background instead of a distraction.

Neutral doesn't mean boring — it means the art is doing its job without asking for credit. That's a different goal than most Frame TV bundles, which are built to be noticed first and lived with second.

Run a Quiet Meadow piece during the hours you actually use the room most — morning coffee, evening wind-down — and see how differently it reads at each.

Browse Quiet Meadow Botanicals: https://www.etsy.com/listing/4540191929

#EverframeDigital #FrameTV #SamsungFrameTV #FrameTVArt #ArtMode #TVArt #NeutralDecor #CalmHome #SoftMinimalism #BotanicalArt #InstantDownload #HomeDecor #InteriorDesign",2026-09-26,11:30:00,FALSE,FALSE,FALSE,FALSE,FALSE,TRUE,FALSE,FALSE,FALSE,FALSE,FALSE,POST,https://everframedigital.felipeuliani.com/social/2026-09-21/day6-post1.jpg,Digital wall art for Frame TV by EverFrame Digital
"A lighthouse beam cutting through fog does more for a room than another sunny beach scene ever could.

This second look at Coastal Landscapes leans into its moodier half — grey skies, working docks, a beam of light through mist — the coastal aesthetic that skips the tropical cliche in favor of something closer to a New England postcard.

Most coastal decor collections repeat the same three images — palm trees, turquoise water, a beach chair. A 101-image set this deep means you're not stuck cycling the same handful of scenes every owner already has.

Set one moody coastal piece as your evening default and save the brighter beach scenes for daytime.

Explore the full Coastal Landscapes set: https://www.etsy.com/listing/4539729457

#EverframeDigital #FrameTV #SamsungFrameTV #FrameTVArt #ArtMode #TVArt #CoastalDecor #MutedTones #LighthouseArt #NewEnglandStyle #InstantDownload #HomeDecor #InteriorDesign",2026-09-26,19:00:00,FALSE,FALSE,FALSE,FALSE,FALSE,TRUE,FALSE,FALSE,FALSE,FALSE,FALSE,POST,https://everframedigital.felipeuliani.com/social/2026-09-21/day6-post2.jpg,Digital wall art for Frame TV by EverFrame Digital
"A single purple bloom on aged paper says more than a whole wall of framed prints.

This second look at Vintage Botanical goes single-stem — one specimen per image, rendered the way an 1800s field guide would have drawn it, down to the labeled leaf and stem. Quiet by design, meant to be studied rather than glanced past.

Minimal doesn't have to mean modern. This set proves restraint can come from a much older visual language — one specimen, aged paper, careful detail — and still feel entirely current on a screen.

Pick the single-stem pieces for a reading nook or home office, where art meant to be looked at closely actually gets that attention.

Shop the Vintage Botanical collection: https://www.etsy.com/listing/4539730337

#EverframeDigital #FrameTV #SamsungFrameTV #FrameTVArt #ArtMode #TVArt #VintageBotanical #NaturalistArt #SageDecor #InstantDownload #HomeDecor #InteriorDesign #TimelessDecor",2026-09-27,11:30:00,FALSE,FALSE,FALSE,FALSE,FALSE,TRUE,FALSE,FALSE,FALSE,FALSE,FALSE,POST,https://everframedigital.felipeuliani.com/social/2026-09-21/day7-post1.jpg,Digital wall art for Frame TV by EverFrame Digital
"Halloween candy is already on the shelves. Your TV can catch up before the porch does.

The seasonal rotation built into this collection means the switch from summer to fall isn't a new purchase — it's a folder you already own, sitting one swap away from pumpkins, harvest fields, and early dusk skies.

The households that feel “on top of” the season usually aren't doing more — they're just not waiting until the last minute to switch things over. A five-minute Art Mode swap gets you there without the store run.

Make the fall switch this week, before the collection's Halloween images feel overdue instead of timely.

Get the All Seasons Collection: https://www.etsy.com/listing/4539780495

#EverframeDigital #FrameTV #SamsungFrameTV #FrameTVArt #ArtMode #TVArt #FallDecor #HalloweenDecor #SeasonalDecor #AllSeasonsArt #InstantDownload #HomeDecor",2026-09-27,19:00:00,FALSE,FALSE,FALSE,FALSE,FALSE,TRUE,FALSE,FALSE,FALSE,FALSE,FALSE,POST,https://everframedigital.felipeuliani.com/social/2026-09-21/day7-post2.jpg,Digital wall art for Frame TV by EverFrame Digital
